timestamp,tollID,tagRef,tagHomeID,charge
2022-03-15 17:17,AM03,EGC11ERTJ,EG,2.2
2022-03-15 17:49,NAO12,NAO5UQPGB7,NAO,2.5
2022-03-15 17:59,NAO12,NAO5UQPGB7,NAO,2.5
2022-03-15 18:07,NAO02,KOIXA11DP,KO,2.5
2022-03-15 19:38,NAO32,NORCBPLJD,NO,2.5
2022-03-15 19:47,NAO10,NAOHAFEYUH,NAO,2.5
2022-03-15 19:48,NAO16,NAOBMYOFQE,NAO,2.5
2022-03-15 19:58,EG22,OO7PZE9VI,OO,1.6
2022-03-15 20:04,EG38,EGUT0CVS4,EG,1.4
2022-03-15 20:10,NO01,NOE1V2ISQ,NO,3.85
2022-03-15 20:35,NO04,NOQLL8OS9,NO,3.25
2022-03-15 20:57,AM05,NAOHAFEYUH,NAO,3.6
2022-03-15 21:05,NAO26,NAO09SKDGI,NAO,2.5
2022-03-15 22:33,OO06,EG9CHJ755,EG,3.5
2022-03-15 23:09,AM07,AMLJH75LX,AM,2.8
2022-03-15 23:47,NAO32,NORCBPLJD,NO,2.5
2022-03-15 23:48,NAO20,NAO5UQPGB7,NAO,2.5
2022-03-16 00:03,EG34,EGVWPVS7H,EG,2.0
2022-03-16 01:03,EG33,NOE1V2ISQ,NO,2.0
2022-03-16 01:33,NO02,NOXFGCAQV,NO,3.85
2022-03-16 01:34,EG23,EG7UR23GD,EG,1.4
2022-03-16 01:53,OO08,OOZSJ49IT,OO,1.9
2022-03-16 02:20,EG12,EGSEIMVIH,EG,0.5
2022-03-16 03:04,NAO35,NAONSM43D8,NAO,2.5
2022-03-16 03:05,KO06,EGC11ERTJ,EG,1.9
2022-03-16 03:15,EG36,EGC11ERTJ,EG,1.0
2022-03-16 03:49,NAO30,NAONSM43D8,NAO,2.5
2022-03-16 04:02,MO05,NAOP0J43D5,NAO,2.6
2022-03-16 04:33,AM02,AMNT3W5UZ,AM,2.0
2022-03-16 04:34,NAO32,NAO5UQPGB7,NAO,2.5
2022-03-16 04:41,EG21,EGYTJXEPQ,EG,1.6
2022-03-16 04:45,OO02,OO3KKV9RF,OO,2.3
2022-03-16 04:49,NAO35,NAONSM43D8,NAO,2.5
2022-03-16 05:02,AM10,AMV3A3ZMF,AM,3.1
2022-03-16 05:15,AM08,AMLJH75LX,AM,2.8
2022-03-16 05:16,EG30,EG7UR23GD,EG,1.5
2022-03-16 05:38,EG10,EGYTJXEPQ,EG,0.9
2022-03-16 06:03,NAO10,NAOLY8OZCY,NAO,2.5
2022-03-16 06:09,OO03,NAOLY8OZCY,NAO,2.4
2022-03-16 06:13,EG19,NORCBPLJD,NO,1.4
2022-03-16 06:15,KO08,KOJDP0LVS,KO,1.85
2022-03-16 07:24,OO10,OO1B0Z3NX,OO,2.5
2022-03-16 07:24,OO08,OO3KKV9RF,OO,1.9
2022-03-16 08:13,EG28,EGF1T2TAL,EG,1.4
2022-03-16 08:32,AM10,AMHJ7XVG0,AM,3.1
2022-03-16 08:37,EG38,EG7UR23GD,EG,1.4
2022-03-16 08:49,OO03,OOZSJ49IT,OO,2.4
2022-03-16 08:54,EG21,AMXAJI0Y6,AM,1.6
2022-03-16 09:27,NAO03,EGF1T2TAL,EG,2.5
2022-03-16 09:44,OO09,KOWM31YIH,KO,2.5
2022-03-16 10:04,EG09,EGYTJXEPQ,EG,0.9
2022-03-16 10:08,NO11,NAOURTP0LZ,NAO,3.35
2022-03-16 10:20,MO05,MOJCKJLTE,MO,2.6
2022-03-16 11:30,EG11,EG9CHJ755,EG,0.5
2022-03-16 11:49,EG30,EG9CHJ755,EG,1.5
2022-03-16 12:30,NO10,AMV3A3ZMF,AM,4.2
2022-03-16 13:05,EG19,EGF1T2TAL,EG,1.4
2022-03-16 13:33,OO10,OOQ0OXFQ8,OO,2.5
2022-03-16 13:47,OO08,OO3KKV9RF,OO,1.9
2022-03-16 14:43,EG36,EGUT0CVS4,EG,1.0
2022-03-16 14:43,EG27,EGYTJXEPQ,EG,1.4
2022-03-16 14:47,NO07,NOE1V2ISQ,NO,3.55
2022-03-16 15:06,OO03,AMXAJI0Y6,AM,2.4
2022-03-16 15:25,NAO30,NAO5ZJA8DZ,NAO,2.5
2022-03-16 15:58,EG19,EGYTJXEPQ,EG,1.4
2022-03-16 16:05,AM01,NAOLY8OZCY,NAO,2.0
2022-03-16 16:16,EG07,EGSEIMVIH,EG,1.8
2022-03-16 17:48,EG16,EGYTJXEPQ,EG,1.2
2022-03-16 18:31,EG33,EGRHOCN9J,EG,2.0
2022-03-16 19:00,KO05,EGVWPVS7H,EG,1.9
2022-03-16 19:35,NAO25,NAOHL1N13J,NAO,2.5
2022-03-16 20:16,NAO06,OO7PZE9VI,OO,2.5
2022-03-16 20:21,AM05,AMV3A3ZMF,AM,3.6
2022-03-16 21:00,AM04,AMLJH75LX,AM,2.2
2022-03-16 21:05,EG17,EG7UR23GD,EG,2.1
2022-03-16 21:16,OO03,OOZSJ49IT,OO,2.4
2022-03-16 21:29,NAO30,NAOHAFEYUH,NAO,2.5
2022-03-16 21:38,KO07,KOWKTAKPU,KO,1.85
2022-03-16 22:15,NAO30,NAONSM43D8,NAO,2.5
2022-03-16 22:15,OO03,OOQ0OXFQ8,OO,2.4
2022-03-16 22:18,KO08,KONCXLL4Z,KO,1.85
2022-03-16 22:47,OO05,OO3KKV9RF,OO,3.5
2022-03-16 22:53,NO06,NORCBPLJD,NO,3.25
2022-03-16 23:17,NAO39,AMXAJI0Y6,AM,2.5
2022-03-16 23:27,AM04,AMLJH75LX,AM,2.2
2022-03-16 23:42,KO05,KOWKTAKPU,KO,1.9
2022-03-17 00:26,KO02,NAOURTP0LZ,NAO,3.4
2022-03-17 00:33,EG30,EG9CHJ755,EG,1.5
2022-03-17 00:33,KO02,OOZSJ49IT,OO,3.4
2022-03-17 00:45,NAO33,NAOP0J43D5,NAO,2.5
2022-03-17 01:02,NAO09,MOJCKJLTE,MO,2.5
2022-03-17 01:42,OO03,KOWM31YIH,KO,2.4
2022-03-17 03:12,KO05,KOWM31YIH,KO,1.9
2022-03-17 03:25,KO10,NO7PTX63C,NO,2.05
2022-03-17 04:14,KO05,KOJDP0LVS,KO,1.9
2022-03-17 04:50,AM02,AMNT3W5UZ,AM,2.0
2022-03-17 04:54,EG31,EGYTJXEPQ,EG,1.4
2022-03-17 05:04,EG21,NAOP0J43D5,NAO,1.6
2022-03-17 05:12,EG30,EG7UR23GD,EG,1.5
2022-03-17 05:40,EG36,OO1B0Z3NX,OO,1.0
2022-03-17 05:42,EG35,EGRHOCN9J,EG,1.0
2022-03-17 05:44,NO10,NOX6GVWRD,NO,4.2
2022-03-17 06:42,AM01,AMLJH75LX,AM,2.0
2022-03-17 06:43,OO08,AMNT3W5UZ,AM,1.9
2022-03-17 07:15,NO10,NOQLL8OS9,NO,4.2
2022-03-17 07:37,NO11,NOXFGCAQV,NO,3.35
2022-03-17 07:42,NAO21,NAO5ZJA8DZ,NAO,2.5
2022-03-17 08:34,EG07,EGUT0CVS4,EG,1.8
2022-03-17 08:44,EG18,NAO5ZJA8DZ,NAO,2.1
2022-03-17 08:48,EG20,EGSEIMVIH,EG,1.4
2022-03-17 08:52,NAO26,NAO09SKDGI,NAO,2.5
2022-03-17 08:53,KO05,KOWM31YIH,KO,1.9
2022-03-17 09:12,NAO06,NAOLY8OZCY,NAO,2.5
2022-03-17 09:27,EG36,EGF1T2TAL,EG,1.0
2022-03-17 09:44,KO04,KOIXA11DP,KO,2.95
2022-03-17 10:44,NAO31,OO7PZE9VI,OO,2.5
2022-03-17 11:16,NAO40,NAO5ZJA8DZ,NAO,2.5
2022-03-17 11:21,AM02,AMXAJI0Y6,AM,2.0
2022-03-17 11:30,OO07,OO7PZE9VI,OO,1.9
2022-03-17 11:49,NAO39,NAOURTP0LZ,NAO,2.5
2022-03-17 11:54,EG19,NORCBPLJD,NO,1.4
2022-03-17 12:31,AM02,AMHJ7XVG0,AM,2.0
2022-03-17 12:33,AM04,EGVWPVS7H,EG,2.2
2022-03-17 12:34,EG18,EGIGQPKI7,EG,2.1
2022-03-17 12:47,OO09,NAOURTP0LZ,NAO,2.5
2022-03-17 12:59,EG20,EGSEIMVIH,EG,1.4
2022-03-17 13:45,KO05,KOWKTAKPU,KO,1.9
2022-03-17 13:59,NO06,AMHJ7XVG0,AM,3.25
2022-03-17 14:56,EG11,OO1B0Z3NX,OO,0.5
2022-03-17 15:10,NO01,EGRHOCN9J,EG,3.85
2022-03-17 15:13,EG10,EGC11ERTJ,EG,0.9
2022-03-17 15:14,NAO13,NAOHL1N13J,NAO,2.5
2022-03-17 15:29,AM03,EGC11ERTJ,EG,2.2
2022-03-17 15:53,NO10,OO1B0Z3NX,OO,4.2
2022-03-17 16:47,OO02,OO3KKV9RF,OO,2.3
2022-03-17 17:06,EG10,NORCBPLJD,NO,0.9
2022-03-17 17:10,OO06,EGC11ERTJ,EG,3.5
2022-03-17 17:33,EG22,EGRHOCN9J,EG,1.6
2022-03-17 17:35,AM09,AMH9SDBDW,AM,3.1
2022-03-17 17:47,NAO19,NAOHAFEYUH,NAO,2.5
2022-03-17 18:05,NAO05,NAOP0J43D5,NAO,2.5
2022-03-17 18:10,KO03,KONCXLL4Z,KO,2.95
2022-03-17 18:33,EG17,EGIGQPKI7,EG,2.1
2022-03-17 18:42,NAO01,NAONSM43D8,NAO,2.5
2022-03-17 18:48,EG10,EGVWPVS7H,EG,0.9
2022-03-17 19:03,OO04,OO7PZE9VI,OO,2.4
2022-03-17 19:23,NAO32,NAO5UQPGB7,NAO,2.5
2022-03-17 19:34,EG25,EGUT0CVS4,EG,1.8
2022-03-17 20:10,NO12,NOXFGCAQV,NO,3.35
2022-03-17 20:54,MO02,NAOHL1N13J,NAO,1.35
2022-03-17 20:54,NO14,NOXFGCAQV,NO,4.15
2022-03-17 21:17,EG21,AMH9SDBDW,AM,1.6
2022-03-17 21:34,EG07,EG7UR23GD,EG,1.8
2022-03-17 21:49,NAO30,NAONSM43D8,NAO,2.5
2022-03-17 21:52,NO03,NOXFGCAQV,NO,3.25
2022-03-17 22:14,KO04,MOJCKJLTE,MO,2.95
2022-03-17 22:17,MO01,MOV86WZS3,MO,1.35
2022-03-17 22:36,NO02,NAOLY8OZCY,NAO,3.85
2022-03-17 22:36,NO07,NAO09SKDGI,NAO,3.55
2022-03-17 22:41,AM08,AMXAJI0Y6,AM,2.8
2022-03-17 23:09,EG11,OO1B0Z3NX,OO,0.5
2022-03-17 23:19,EG14,KOWKTAKPU,KO,1.2
2022-03-17 23:43,OO05,OO1B0Z3NX,OO,3.5
2022-03-17 23:44,EG10,EGIGQPKI7,EG,0.9
2022-03-18 00:08,NAO03,EG9CHJ755,EG,2.5
2022-03-18 00:09,OO02,NOQLL8OS9,NO,2.3
2022-03-18 00:28,EG37,NOE1V2ISQ,NO,1.4
2022-03-18 00:41,NO05,KONCXLL4Z,KO,3.25
2022-03-18 00:42,MO05,MOJCKJLTE,MO,2.6
2022-03-18 00:43,EG02,EGF1T2TAL,EG,3.0
2022-03-18 00:45,AM05,NAONSM43D8,NAO,3.6
2022-03-18 01:28,OO06,NAOHL1N13J,NAO,3.5
2022-03-18 01:33,OO02,NAOURTP0LZ,NAO,2.3
2022-03-18 02:08,NAO39,NAOURTP0LZ,NAO,2.5
2022-03-18 02:50,OO01,NORCBPLJD,NO,2.3
2022-03-18 02:58,EG29,EG7UR23GD,EG,1.5
2022-03-18 04:37,AM06,AMLJH75LX,AM,3.6
2022-03-18 05:01,EG27,EGYTJXEPQ,EG,1.4
2022-03-18 05:12,NO03,NOE1V2ISQ,NO,3.25
2022-03-18 06:14,OO06,OOQ0OXFQ8,OO,3.5
2022-03-18 06:45,EG33,EGVWPVS7H,EG,2.0
2022-03-18 06:50,KO07,KOWKTAKPU,KO,1.85
2022-03-18 07:03,EG36,EGC11ERTJ,EG,1.0
2022-03-18 07:47,NAO32,NAOHL1N13J,NAO,2.5
2022-03-18 08:09,OO04,OO3KKV9RF,OO,2.4
2022-03-18 08:14,EG33,EGIGQPKI7,EG,2.0
2022-03-18 08:30,KO01,KONCXLL4Z,KO,3.4
2022-03-18 09:17,KO08,KOWM31YIH,KO,1.85
2022-03-18 10:00,KO01,KOWKTAKPU,KO,3.4
2022-03-18 10:31,EG21,EG7UR23GD,EG,1.6
2022-03-18 11:11,NAO11,NAO5UQPGB7,NAO,2.5
2022-03-18 11:30,NAO21,EGIGQPKI7,EG,2.5
2022-03-18 11:42,AM01,EGRHOCN9J,EG,2.0
2022-03-18 11:51,NAO24,NAOHL1N13J,NAO,2.5
2022-03-18 12:00,OO05,OO3KKV9RF,OO,3.5
2022-03-18 12:26,NO12,MOV86WZS3,MO,3.35
2022-03-18 12:32,NAO09,NAOP0J43D5,NAO,2.5
2022-03-18 12:34,EG18,EGC11ERTJ,EG,2.1
2022-03-18 12:54,EG26,EG9CHJ755,EG,1.8
2022-03-18 13:36,NO05,NO7PTX63C,NO,3.25
2022-03-18 14:08,EG37,EGF1T2TAL,EG,1.4
2022-03-18 14:19,EG09,EG9CHJ755,EG,0.9
2022-03-18 14:30,KO05,KOWM31YIH,KO,1.9
2022-03-18 15:20,NO10,NOX6GVWRD,NO,4.2
2022-03-18 15:21,OO03,NAOLY8OZCY,NAO,2.4
2022-03-18 15:50,AM06,AMHJ7XVG0,AM,3.6
2022-03-18 16:03,NAO24,NAOHL1N13J,NAO,2.5
2022-03-18 16:11,EG11,EGC11ERTJ,EG,0.5
2022-03-18 16:36,NO02,NOXFGCAQV,NO,3.85
2022-03-18 16:56,NAO21,NAOHL1N13J,NAO,2.5
2022-03-18 17:04,NAO40,NAOHL1N13J,NAO,2.5
2022-03-18 17:24,MO05,MOJCKJLTE,MO,2.6
2022-03-18 17:41,NO11,NOXFGCAQV,NO,3.35
2022-03-18 18:01,EG17,KOWM31YIH,KO,2.1
2022-03-18 18:50,OO08,OO3KKV9RF,OO,1.9
2022-03-18 19:02,KO07,EGC11ERTJ,EG,1.85
2022-03-18 20:02,EG10,NAO09SKDGI,NAO,0.9
2022-03-18 20:45,NAO07,NAOURTP0LZ,NAO,2.5
2022-03-18 21:09,EG24,EGF1T2TAL,EG,1.4
2022-03-18 21:31,NAO38,NAO5ZJA8DZ,NAO,2.5
2022-03-18 22:03,EG29,EGUT0CVS4,EG,1.5
2022-03-18 22:06,EG21,EG9CHJ755,EG,1.6
2022-03-18 22:08,MO12,AMH9SDBDW,AM,2.05
2022-03-18 22:53,NO05,KOWKTAKPU,KO,3.25
2022-03-18 23:36,NO11,NAOURTP0LZ,NAO,3.35
2022-03-18 23:49,EG24,EGIGQPKI7,EG,1.4
2022-03-19 00:24,OO03,OO7PZE9VI,OO,2.4
2022-03-19 00:39,NO14,OO1B0Z3NX,OO,4.15
2022-03-19 01:42,NAO35,KONCXLL4Z,KO,2.5
2022-03-19 01:55,AM07,OO1B0Z3NX,OO,2.8
2022-03-19 01:55,NAO23,NAOHL1N13J,NAO,2.5
2022-03-19 02:10,NAO14,EG7UR23GD,EG,2.5
2022-03-19 02:24,NO06,EGRHOCN9J,EG,3.25
2022-03-19 03:34,NAO19,NAOHAFEYUH,NAO,2.5
2022-03-19 03:40,AM01,AMHJ7XVG0,AM,2.0
2022-03-19 03:55,AM07,AMV3A3ZMF,AM,2.8
2022-03-19 04:04,NAO32,NAOLY8OZCY,NAO,2.5
2022-03-19 04:07,NAO15,KOWKTAKPU,KO,2.5
2022-03-19 04:09,OO02,OOQ0OXFQ8,OO,2.3
2022-03-19 04:18,KO09,EGIGQPKI7,EG,2.05
2022-03-19 05:17,EG10,EGF1T2TAL,EG,0.9
2022-03-19 05:18,EG12,EGSEIMVIH,EG,0.5
2022-03-19 05:23,NAO07,NAOVZ41NAM,NAO,2.5
2022-03-19 05:25,AM01,AMXAJI0Y6,AM,2.0
2022-03-19 05:46,AM05,AMH9SDBDW,AM,3.6
2022-03-19 05:56,NO10,OO1B0Z3NX,OO,4.2
2022-03-19 06:02,NO05,EGVWPVS7H,EG,3.25
2022-03-19 06:21,OO04,OOZSJ49IT,OO,2.4
2022-03-19 06:22,MO09,AMV3A3ZMF,AM,2.7
2022-03-19 06:40,NAO14,NAONSM43D8,NAO,2.5
2022-03-19 06:50,EG30,EG9CHJ755,EG,1.5
2022-03-19 07:00,OO07,OOQ0OXFQ8,OO,1.9
2022-03-19 07:29,NO02,NAOLY8OZCY,NAO,3.85
2022-03-19 07:47,NAO07,NAOVZ41NAM,NAO,2.5
2022-03-19 07:55,NAO05,KONCXLL4Z,KO,2.5
2022-03-19 08:23,EG37,EGVWPVS7H,EG,1.4
2022-03-19 09:15,EG17,OO3KKV9RF,OO,2.1
2022-03-19 09:51,OO02,OO3KKV9RF,OO,2.3
2022-03-19 09:58,EG06,EG9CHJ755,EG,1.7
2022-03-19 10:03,EG33,NOE1V2ISQ,NO,2.0
2022-03-19 11:16,KO05,EGC11ERTJ,EG,1.9
2022-03-19 12:03,EG33,EGIGQPKI7,EG,2.0
2022-03-19 12:03,KO10,KONCXLL4Z,KO,2.05
2022-03-19 12:25,AM10,AMV3A3ZMF,AM,3.1
2022-03-19 12:30,NAO15,NOE1V2ISQ,NO,2.5
2022-03-19 12:53,NAO23,NAOHL1N13J,NAO,2.5
2022-03-19 13:11,OO03,EGUT0CVS4,EG,2.4
2022-03-19 13:15,OO06,OO1B0Z3NX,OO,3.5
2022-03-19 13:16,AM03,AMH9SDBDW,AM,2.2
2022-03-19 13:45,NAO32,NAOHAFEYUH,NAO,2.5
2022-03-19 14:01,NO04,NOQLL8OS9,NO,3.25
2022-03-19 14:05,NAO41,EGUT0CVS4,EG,2.5
2022-03-19 14:07,AM03,AMHJ7XVG0,AM,2.2
2022-03-19 14:35,EG08,EGSEIMVIH,EG,1.8
2022-03-19 14:52,OO10,OOZSJ49IT,OO,2.5
2022-03-19 15:19,OO04,OO3KKV9RF,OO,2.4
2022-03-19 15:22,KO03,KOWM31YIH,KO,2.95
2022-03-19 16:02,EG10,EGC11ERTJ,EG,0.9
2022-03-19 16:43,EG20,EGSEIMVIH,EG,1.4
2022-03-19 17:11,NAO21,NAOHAFEYUH,NAO,2.5
2022-03-19 17:35,AM02,EGVWPVS7H,EG,2.0
2022-03-19 17:55,EG11,OO1B0Z3NX,OO,0.5
2022-03-19 18:16,AM04,AMV3A3ZMF,AM,2.2
2022-03-19 18:18,NO01,NOXFGCAQV,NO,3.85
2022-03-19 18:58,NO12,MOV86WZS3,MO,3.35
2022-03-19 19:02,NO06,NOE1V2ISQ,NO,3.25
2022-03-19 19:47,EG11,EGC11ERTJ,EG,0.5
2022-03-19 20:09,EG05,EGC11ERTJ,EG,1.7
2022-03-19 20:52,NO04,MOV86WZS3,MO,3.25
2022-03-19 20:58,NAO26,NAOHAFEYUH,NAO,2.5
2022-03-19 21:52,AM05,AMXAJI0Y6,AM,3.6
2022-03-19 22:11,NO01,NO7PTX63C,NO,3.85
2022-03-19 22:14,NAO21,EGC11ERTJ,EG,2.5
2022-03-19 22:51,KO03,KONCXLL4Z,KO,2.95
2022-03-19 23:03,KO05,KOWM31YIH,KO,1.9
2022-03-19 23:16,AM02,AMH9SDBDW,AM,2.0
2022-03-19 23:18,OO10,OO7PZE9VI,OO,2.5
2022-03-19 23:57,NAO41,EGUT0CVS4,EG,2.5
2022-03-19 23:59,AM06,AMXAJI0Y6,AM,3.6
2022-03-20 00:26,KO07,KOWKTAKPU,KO,1.85
2022-03-20 00:26,NO12,NOQLL8OS9,NO,3.35
2022-03-20 00:53,NAO27,NAO5UQPGB7,NAO,2.5
2022-03-20 00:55,MO05,MOJCKJLTE,MO,2.6
2022-03-20 01:13,NAO06,NAOLY8OZCY,NAO,2.5
2022-03-20 01:15,NAO36,AMLJH75LX,AM,2.5
2022-03-20 01:16,EG10,EG9CHJ755,EG,0.9
2022-03-20 01:17,KO07,KOWKTAKPU,KO,1.85
2022-03-20 01:35,AM09,NORCBPLJD,NO,3.1
2022-03-20 02:53,NAO39,NAOP0J43D5,NAO,2.5
2022-03-20 03:31,KO04,KOIXA11DP,KO,2.95
2022-03-20 03:32,EG02,NAONSM43D8,NAO,3.0
2022-03-20 04:06,EG12,NAOP0J43D5,NAO,0.5
2022-03-20 04:44,OO04,OOQ0OXFQ8,OO,2.4
2022-03-20 04:46,EG31,OOQ0OXFQ8,OO,1.4
2022-03-20 04:55,KO08,KOWM31YIH,KO,1.85
2022-03-20 05:25,NO05,NOQLL8OS9,NO,3.25
2022-03-20 05:29,OO03,EGUT0CVS4,EG,2.4
2022-03-20 06:07,KO10,KONCXLL4Z,KO,2.05
2022-03-20 07:11,EG05,EGIGQPKI7,EG,1.7
2022-03-20 07:29,EG10,NORCBPLJD,NO,0.9
2022-03-20 07:58,NAO03,NAOURTP0LZ,NAO,2.5
2022-03-20 08:23,KO01,KOJDP0LVS,KO,3.4
2022-03-20 08:24,EG33,EGYTJXEPQ,EG,2.0
2022-03-20 08:47,NAO38,NAONSM43D8,NAO,2.5
2022-03-20 08:51,NAO14,NAONSM43D8,NAO,2.5
2022-03-20 08:53,EG12,NAOP0J43D5,NAO,0.5
2022-03-20 09:03,EG21,EG9CHJ755,EG,1.6
2022-03-20 09:04,NAO35,NAONSM43D8,NAO,2.5
2022-03-20 09:06,NO09,EG7UR23GD,EG,4.2
2022-03-20 09:26,NAO21,NAOLY8OZCY,NAO,2.5
2022-03-20 09:34,NO11,NOXFGCAQV,NO,3.35
2022-03-20 09:41,NAO06,NAOLY8OZCY,NAO,2.5
2022-03-20 09:51,KO05,KOWKTAKPU,KO,1.9
2022-03-20 10:54,NO05,NOQLL8OS9,NO,3.25
2022-03-20 11:05,NAO21,EGC11ERTJ,EG,2.5
2022-03-20 11:33,NAO09,MOJCKJLTE,MO,2.5
2022-03-20 11:52,NAO28,NAOHAFEYUH,NAO,2.5
2022-03-20 12:08,OO09,EGVWPVS7H,EG,2.5
2022-03-20 12:57,NO14,NOXFGCAQV,NO,4.15
2022-03-20 12:59,OO10,EGSEIMVIH,EG,2.5
2022-03-20 13:07,OO08,AMNT3W5UZ,AM,1.9
2022-03-20 13:12,MO08,KONCXLL4Z,KO,3.15
2022-03-20 13:22,NAO10,NAOHAFEYUH,NAO,2.5
2022-03-20 13:32,GE02,NOXFGCAQV,NO,14.7
2022-03-20 13:40,OO08,OO7PZE9VI,OO,1.9
2022-03-20 14:15,AM05,AMV3A3ZMF,AM,3.6
2022-03-20 14:55,AM02,NO7PTX63C,NO,2.0
2022-03-20 15:03,AM07,AMLJH75LX,AM,2.8
2022-03-20 15:51,NO12,AMXAJI0Y6,AM,3.35
2022-03-20 16:43,MO02,OOZSJ49IT,OO,1.35
2022-03-20 16:59,AM06,AMXAJI0Y6,AM,3.6
2022-03-20 17:01,NO07,EGF1T2TAL,EG,3.55
2022-03-20 17:13,AM08,NOE1V2ISQ,NO,2.8
2022-03-20 17:19,OO06,EG9CHJ755,EG,3.5
2022-03-20 17:27,NAO26,KOJDP0LVS,KO,2.5
2022-03-20 17:27,NAO26,EGF1T2TAL,EG,2.5
2022-03-20 17:35,EG36,NAONSM43D8,NAO,1.0
2022-03-20 17:45,EG29,EGYTJXEPQ,EG,1.5
2022-03-20 17:49,NAO22,NAOLY8OZCY,NAO,2.5
2022-03-20 17:52,GE01,NAOBMYOFQE,NAO,14.7
2022-03-20 18:04,NO06,NOX6GVWRD,NO,3.25
2022-03-20 18:10,EG14,AMH9SDBDW,AM,1.2
2022-03-20 18:21,NAO18,EGF1T2TAL,EG,2.5
2022-03-20 18:27,EG08,EGVWPVS7H,EG,1.8
2022-03-20 18:28,KO04,KONCXLL4Z,KO,2.95
2022-03-20 18:41,NO09,NOE1V2ISQ,NO,4.2
2022-03-20 18:45,NAO30,EGUT0CVS4,EG,2.5
2022-03-20 18:48,NAO37,NAO09SKDGI,NAO,2.5
2022-03-20 19:02,EG28,EGSEIMVIH,EG,1.4
2022-03-20 19:17,MO05,MOJCKJLTE,MO,2.6
2022-03-20 19:57,NO13,NAO5ZJA8DZ,NAO,4.15
2022-03-20 20:00,AM04,AMLJH75LX,AM,2.2
2022-03-20 20:17,EG21,EGYTJXEPQ,EG,1.6
2022-03-20 20:36,EG22,NAOBMYOFQE,NAO,1.6
2022-03-20 20:40,EG15,EGUT0CVS4,EG,1.2
2022-03-20 20:45,EG26,EGYTJXEPQ,EG,1.8
2022-03-20 21:10,NAO22,NAO5ZJA8DZ,NAO,2.5
2022-03-20 21:53,NAO10,NAOHAFEYUH,NAO,2.5
2022-03-20 22:05,AM06,AMXAJI0Y6,AM,3.6
2022-03-20 22:30,AM04,AMLJH75LX,AM,2.2
2022-03-20 22:48,OO10,OOZSJ49IT,OO,2.5
2022-03-20 22:52,MO11,EGC11ERTJ,EG,2.05
2022-03-20 22:53,NO06,NORCBPLJD,NO,3.25
2022-03-20 22:58,KO09,KOJDP0LVS,KO,2.05
2022-03-20 23:15,AM02,EGVWPVS7H,EG,2.0
2022-03-21 00:00,MO08,MOV86WZS3,MO,3.15
2022-03-21 00:19,NAO39,NAOURTP0LZ,NAO,2.5
2022-03-21 00:19,NO05,EGYTJXEPQ,EG,3.25
2022-03-21 00:43,AM01,OO7PZE9VI,OO,2.0
2022-03-21 01:04,EG10,EGC11ERTJ,EG,0.9
2022-03-21 01:08,GE02,GE5A0L725,GE,14.7
2022-03-21 01:22,NAO32,NAO5UQPGB7,NAO,2.5
2022-03-21 01:41,EG16,EGYTJXEPQ,EG,1.2
2022-03-21 01:43,EG21,EGYTJXEPQ,EG,1.6
2022-03-21 02:13,KO02,NAOURTP0LZ,NAO,3.4
2022-03-21 02:22,AM05,NAONSM43D8,NAO,3.6
2022-03-21 02:43,AM01,EG7UR23GD,EG,2.0
2022-03-21 02:46,GE02,AMNT3W5UZ,AM,14.7
2022-03-21 02:47,OO09,EGVWPVS7H,EG,2.5
2022-03-21 03:06,NAO20,AMH9SDBDW,AM,2.5
2022-03-21 03:09,EG30,EG9CHJ755,EG,1.5
2022-03-21 03:20,OO04,NOXFGCAQV,NO,2.4
2022-03-21 03:28,OO03,EGUT0CVS4,EG,2.4
2022-03-21 03:45,KO09,NAO5ZJA8DZ,NAO,2.05
2022-03-21 03:49,NO09,NAOHL1N13J,NAO,4.2
2022-03-21 04:00,EG14,EGC11ERTJ,EG,1.2
2022-03-21 04:34,KO04,NOE1V2ISQ,NO,2.95
2022-03-21 05:25,OO06,EGYTJXEPQ,EG,3.5
2022-03-21 05:28,OO02,NAO09SKDGI,NAO,2.3
2022-03-21 05:32,OO02,NAO09SKDGI,NAO,2.3
2022-03-21 05:40,NO01,NORCBPLJD,NO,3.85
2022-03-21 05:45,KO03,KOWM31YIH,KO,2.95
2022-03-21 05:47,KO07,NAOP0J43D5,NAO,1.85
2022-03-21 06:00,EG21,NOXFGCAQV,NO,1.6
2022-03-21 06:05,OO05,OOZSJ49IT,OO,3.5
2022-03-21 07:00,KO08,KOWM31YIH,KO,1.85
2022-03-21 07:04,NO01,OOQ0OXFQ8,OO,3.85
2022-03-21 07:07,NAO35,NAO09SKDGI,NAO,2.5
2022-03-21 07:15,NO05,KOWKTAKPU,KO,3.25
2022-03-21 07:35,NAO30,NAOBMYOFQE,NAO,2.5
2022-03-21 07:46,AM06,AMXAJI0Y6,AM,3.6
2022-03-21 07:51,EG28,EGF1T2TAL,EG,1.4
2022-03-21 08:01,GE02,NOXFGCAQV,NO,14.7
2022-03-21 08:03,GE02,KOWKTAKPU,KO,14.7
2022-03-21 08:42,NO10,NAOP0J43D5,NAO,4.2
2022-03-21 08:56,NAO12,AMXAJI0Y6,AM,2.5
2022-03-21 09:16,NAO25,NAO5ZJA8DZ,NAO,2.5
2022-03-21 09:19,KO09,KOWM31YIH,KO,2.05
2022-03-21 09:20,EG18,EGIGQPKI7,EG,2.1
2022-03-21 09:22,NAO39,NAOURTP0LZ,NAO,2.5
2022-03-21 09:31,EG04,OOZSJ49IT,OO,1.2
2022-03-21 09:34,EG38,EG7UR23GD,EG,1.4
2022-03-21 10:11,NO14,NO7PTX63C,NO,4.15
2022-03-21 10:20,NAO19,NAOHAFEYUH,NAO,2.5
2022-03-21 10:22,NAO15,NAO09SKDGI,NAO,2.5
2022-03-21 10:23,EG07,AMH9SDBDW,AM,1.8
2022-03-21 11:21,EG06,KOWKTAKPU,KO,1.7
2022-03-21 11:44,OO05,OO3KKV9RF,OO,3.5
2022-03-21 12:08,AM04,AMNT3W5UZ,AM,2.2
2022-03-21 12:27,NAO22,NAOLY8OZCY,NAO,2.5
2022-03-21 12:52,EG29,EGC11ERTJ,EG,1.5
2022-03-21 13:28,AM06,EG7UR23GD,EG,3.6
2022-03-21 13:45,EG24,EGSEIMVIH,EG,1.4
2022-03-21 13:48,AM01,NOE1V2ISQ,NO,2.0
2022-03-21 14:00,KO02,EGIGQPKI7,EG,3.4
2022-03-21 14:23,MO06,MOV86WZS3,MO,2.6
2022-03-21 14:29,NAO29,OO3KKV9RF,OO,2.5
2022-03-21 14:35,NAO03,NAOURTP0LZ,NAO,2.5
2022-03-21 15:08,NO12,NOQLL8OS9,NO,3.35
2022-03-21 15:10,NAO26,NAO09SKDGI,NAO,2.5
2022-03-21 15:11,NO10,NAOVZ41NAM,NAO,4.2
2022-03-21 15:14,EG24,EGIGQPKI7,EG,1.4
2022-03-21 15:28,MO10,EG7UR23GD,EG,2.7
2022-03-21 15:29,EG28,NAOBMYOFQE,NAO,1.4
2022-03-21 15:34,KO01,NOXFGCAQV,NO,3.4
2022-03-21 15:56,NAO25,NAO5ZJA8DZ,NAO,2.5
2022-03-21 15:59,MO10,MOJCKJLTE,MO,2.7
2022-03-21 16:07,NAO07,NAOP0J43D5,NAO,2.5
2022-03-21 16:19,EG31,OOQ0OXFQ8,OO,1.4
2022-03-21 17:00,NAO37,NAOBMYOFQE,NAO,2.5
2022-03-21 17:24,KO09,KOWM31YIH,KO,2.05
2022-03-21 17:26,MO05,MOV86WZS3,MO,2.6
2022-03-21 17:30,MO03,MOJCKJLTE,MO,2.1
2022-03-21 17:59,EG15,NOXFGCAQV,NO,1.2
2022-03-21 18:23,NO04,NOX6GVWRD,NO,3.25
2022-03-21 20:00,EG10,NORCBPLJD,NO,0.9
2022-03-21 20:06,EG09,EGIGQPKI7,EG,0.9
2022-03-21 20:30,NAO01,NAONSM43D8,NAO,2.5
2022-03-21 20:38,NAO31,NAOURTP0LZ,NAO,2.5
2022-03-21 21:51,EG17,EGIGQPKI7,EG,2.1
2022-03-21 22:20,KO09,KOWM31YIH,KO,2.05
2022-03-21 22:35,OO01,OOZSJ49IT,OO,2.3
2022-03-21 22:50,NO10,NOXFGCAQV,NO,4.2
2022-03-21 23:18,NAO38,NAO09SKDGI,NAO,2.5
2022-03-22 00:26,AM04,EGYTJXEPQ,EG,2.2
2022-03-22 01:01,NO10,OOQ0OXFQ8,OO,4.2
2022-03-22 01:02,AM04,AMH9SDBDW,AM,2.2
2022-03-22 01:04,AM08,AMXAJI0Y6,AM,2.8
2022-03-22 01:26,MO06,MOJCKJLTE,MO,2.6
2022-03-22 01:38,OO03,OOZSJ49IT,OO,2.4
2022-03-22 02:01,EG05,EGC11ERTJ,EG,1.7
2022-03-22 02:11,EG25,EGUT0CVS4,EG,1.8
2022-03-22 02:14,EG22,OO7PZE9VI,OO,1.6
2022-03-22 02:32,EG26,NOE1V2ISQ,NO,1.8
2022-03-22 02:37,NAO26,EGF1T2TAL,EG,2.5
2022-03-22 03:19,NAO41,EGUT0CVS4,EG,2.5
2022-03-22 03:28,KO09,KOJDP0LVS,KO,2.05
2022-03-22 03:36,NAO30,EGUT0CVS4,EG,2.5
2022-03-22 03:51,EG22,NAOBMYOFQE,NAO,1.6
2022-03-22 03:55,AM08,NOE1V2ISQ,NO,2.8
2022-03-22 04:06,NAO37,NAOBMYOFQE,NAO,2.5
2022-03-22 04:19,NO01,NO7PTX63C,NO,3.85
2022-03-22 04:27,NAO41,NAOP0J43D5,NAO,2.5
2022-03-22 04:38,OO07,OO7PZE9VI,OO,1.9
2022-03-22 04:41,NO11,NOE1V2ISQ,NO,3.35
2022-03-22 05:17,EG19,EGIGQPKI7,EG,1.4
2022-03-22 06:27,KO01,KOWKTAKPU,KO,3.4
2022-03-22 06:33,NO02,NOXFGCAQV,NO,3.85
2022-03-22 06:38,OO01,OOZSJ49IT,OO,2.3
2022-03-22 06:55,NAO41,NAO09SKDGI,NAO,2.5
2022-03-22 07:03,EG22,EGRHOCN9J,EG,1.6
2022-03-22 07:16,NO13,NOXFGCAQV,NO,4.15
2022-03-22 08:10,NAO10,EGSEIMVIH,EG,2.5
2022-03-22 08:26,NO01,NOXFGCAQV,NO,3.85
2022-03-22 09:04,AM04,AMV3A3ZMF,AM,2.2
2022-03-22 09:31,OO07,OO7PZE9VI,OO,1.9
2022-03-22 10:08,EG29,EGSEIMVIH,EG,1.5
2022-03-22 10:17,AM07,NAOP0J43D5,NAO,2.8
2022-03-22 10:26,NO01,NOX6GVWRD,NO,3.85
2022-03-22 10:43,NO05,NORCBPLJD,NO,3.25
2022-03-22 10:45,EG31,NOE1V2ISQ,NO,1.4
2022-03-22 11:07,NO01,NOE1V2ISQ,NO,3.85
2022-03-22 11:49,EG11,EG9CHJ755,EG,0.5
2022-03-22 12:40,AM05,AMLJH75LX,AM,3.6
2022-03-22 12:54,EG37,EGRHOCN9J,EG,1.4
2022-03-22 13:04,AM05,AMLJH75LX,AM,3.6
2022-03-22 14:12,OO05,AMHJ7XVG0,AM,3.5
2022-03-22 14:24,NAO26,NAOHAFEYUH,NAO,2.5
2022-03-22 14:57,KO06,EGC11ERTJ,EG,1.9
2022-03-22 14:57,EG13,EGUT0CVS4,EG,1.2
2022-03-22 15:03,NAO20,NAO5UQPGB7,NAO,2.5
2022-03-22 15:08,NO01,EGRHOCN9J,EG,3.85
2022-03-22 15:16,NAO36,AMLJH75LX,AM,2.5
2022-03-22 15:27,OO05,NO7PTX63C,NO,3.5
2022-03-22 15:48,NO05,NORCBPLJD,NO,3.25
2022-03-22 16:21,KO09,KOJDP0LVS,KO,2.05
2022-03-22 17:38,KO02,AMHJ7XVG0,AM,3.4
2022-03-22 17:48,NAO16,EGIGQPKI7,EG,2.5
2022-03-22 18:18,EG34,AMLJH75LX,AM,2.0
2022-03-22 18:30,EG02,EGVWPVS7H,EG,3.0
2022-03-22 18:38,OO01,OOZSJ49IT,OO,2.3
2022-03-22 19:33,NO10,NAOURTP0LZ,NAO,4.2
2022-03-22 19:55,OO08,OO3KKV9RF,OO,1.9
2022-03-22 19:59,GE02,GEX7EEDTJ,GE,14.7
2022-03-22 20:07,KO05,KOJDP0LVS,KO,1.9
2022-03-22 21:28,NAO07,NAOVZ41NAM,NAO,2.5
2022-03-22 21:31,NO04,NOQLL8OS9,NO,3.25
2022-03-22 21:34,NO12,MOV86WZS3,MO,3.35
2022-03-22 21:53,EG33,EGVWPVS7H,EG,2.0
2022-03-22 22:00,AM04,AMLJH75LX,AM,2.2
2022-03-22 22:03,NO14,NO7PTX63C,NO,4.15
2022-03-22 22:05,KO02,KOWM31YIH,KO,3.4
2022-03-22 22:11,EG34,EGC11ERTJ,EG,2.0
2022-03-22 22:21,NAO16,NAOBMYOFQE,NAO,2.5
2022-03-22 22:46,NO01,NOE1V2ISQ,NO,3.85
2022-03-22 23:08,KO10,KOIXA11DP,KO,2.05
2022-03-22 23:13,NAO33,NAOURTP0LZ,NAO,2.5
2022-03-22 23:18,KO02,AMHJ7XVG0,AM,3.4
2022-03-23 00:05,OO07,OOQ0OXFQ8,OO,1.9
2022-03-23 00:41,OO01,OO7PZE9VI,OO,2.3
2022-03-23 02:05,KO05,KOJDP0LVS,KO,1.9
2022-03-23 02:12,GE02,EGVWPVS7H,EG,14.7
2022-03-23 02:31,NAO07,AMNT3W5UZ,AM,2.5
2022-03-23 02:31,EG21,EGYTJXEPQ,EG,1.6
2022-03-23 02:45,MO08,NAOLY8OZCY,NAO,3.15
2022-03-23 03:03,NO09,NORCBPLJD,NO,4.2
2022-03-23 03:15,NO05,NO7PTX63C,NO,3.25
2022-03-23 03:42,EG34,EGVWPVS7H,EG,2.0
2022-03-23 03:47,AM04,MOJCKJLTE,MO,2.2
2022-03-23 04:40,NAO02,NAOP0J43D5,NAO,2.5
2022-03-23 05:03,EG34,EGIGQPKI7,EG,2.0
2022-03-23 05:44,EG24,EGYTJXEPQ,EG,1.4
2022-03-23 05:59,AM02,NAOBMYOFQE,NAO,2.0
2022-03-23 06:24,EG29,EGF1T2TAL,EG,1.5
2022-03-23 06:48,AM07,AMV3A3ZMF,AM,2.8
2022-03-23 07:01,NAO37,NAOBMYOFQE,NAO,2.5
2022-03-23 07:50,MO03,MOV86WZS3,MO,2.1
2022-03-23 08:34,NO13,NOXFGCAQV,NO,4.15
2022-03-23 09:21,EG04,EGYTJXEPQ,EG,1.2
2022-03-23 10:01,EG17,EGIGQPKI7,EG,2.1
2022-03-23 10:17,EG29,AMH9SDBDW,AM,1.5
2022-03-23 10:20,NAO23,NAOLY8OZCY,NAO,2.5
2022-03-23 10:32,NO13,NOE1V2ISQ,NO,4.15
2022-03-23 10:42,NAO07,NAOVZ41NAM,NAO,2.5
2022-03-23 11:19,EG19,NAOBMYOFQE,NAO,1.4
2022-03-23 11:39,AM10,AMXAJI0Y6,AM,3.1
2022-03-23 11:43,EG26,KOWM31YIH,KO,1.8
2022-03-23 12:03,KO02,AMXAJI0Y6,AM,3.4
2022-03-23 12:09,EG01,NAO5UQPGB7,NAO,3.0
2022-03-23 12:23,AM03,EGC11ERTJ,EG,2.2
2022-03-23 12:45,NAO06,NAO5UQPGB7,NAO,2.5
2022-03-23 12:49,OO09,EGRHOCN9J,EG,2.5
2022-03-23 13:04,NO06,NOXFGCAQV,NO,3.25
2022-03-23 13:32,AM01,EGRHOCN9J,EG,2.0
2022-03-23 14:01,NAO25,OO3KKV9RF,OO,2.5
2022-03-23 14:04,NAO38,NAO09SKDGI,NAO,2.5
2022-03-23 14:09,KO07,KONCXLL4Z,KO,1.85
2022-03-23 14:28,NAO03,KOJDP0LVS,KO,2.5
2022-03-23 14:44,NO01,NOXFGCAQV,NO,3.85
2022-03-23 15:05,NO01,NOXFGCAQV,NO,3.85
2022-03-23 15:06,KO10,OO1B0Z3NX,OO,2.05
2022-03-23 15:45,EG05,EGIGQPKI7,EG,1.7
2022-03-23 16:35,AM05,AMLJH75LX,AM,3.6
2022-03-23 16:51,NAO02,KOIXA11DP,KO,2.5
2022-03-23 17:19,NO10,NOXFGCAQV,NO,4.2
2022-03-23 18:18,OO10,EGSEIMVIH,EG,2.5
2022-03-23 18:19,NO06,GE5A0L725,GE,3.25
2022-03-23 20:12,MO08,MOV86WZS3,MO,3.15
2022-03-23 20:44,NO11,NAOBMYOFQE,NAO,3.35
2022-03-23 20:52,NAO36,EGVWPVS7H,EG,2.5
2022-03-23 20:58,NAO11,EGSEIMVIH,EG,2.5
2022-03-23 21:02,NO14,NO7PTX63C,NO,4.15
2022-03-23 21:24,EG10,EGVWPVS7H,EG,0.9
2022-03-23 21:46,NAO30,NAONSM43D8,NAO,2.5
2022-03-23 21:50,GE01,GEX7EEDTJ,GE,14.7
2022-03-23 22:17,NO10,NOXFGCAQV,NO,4.2
2022-03-23 22:47,AM08,EGYTJXEPQ,EG,2.8
2022-03-23 22:54,EG18,NAOBMYOFQE,NAO,2.1
2022-03-23 23:10,EG35,NAOP0J43D5,NAO,1.0
2022-03-23 23:34,EG21,EGYTJXEPQ,EG,1.6
2022-03-23 23:36,AM05,AMHJ7XVG0,AM,3.6
2022-03-23 23:55,EG06,EGC11ERTJ,EG,1.7
2022-03-24 00:19,NAO09,NAO5UQPGB7,NAO,2.5
2022-03-24 00:23,NAO04,KOIXA11DP,KO,2.5
2022-03-24 00:41,NAO39,NAOLY8OZCY,NAO,2.5
2022-03-24 00:54,NAO24,NAO5ZJA8DZ,NAO,2.5
2022-03-24 01:44,NAO37,NAO09SKDGI,NAO,2.5
2022-03-24 01:51,NAO10,NAO5UQPGB7,NAO,2.5
2022-03-24 01:55,AM02,AMNT3W5UZ,AM,2.0
2022-03-24 02:21,OO07,OO3KKV9RF,OO,1.9
2022-03-24 02:37,EG29,EGYTJXEPQ,EG,1.5
2022-03-24 02:45,AM03,AMH9SDBDW,AM,2.2
2022-03-24 03:18,EG31,KOWKTAKPU,KO,1.4
2022-03-24 03:30,EG22,NAO5UQPGB7,NAO,1.6
2022-03-24 03:51,NAO33,NAOHL1N13J,NAO,2.5
2022-03-24 04:19,EG29,EGYTJXEPQ,EG,1.5
2022-03-24 04:30,EG23,NAOURTP0LZ,NAO,1.4
2022-03-24 04:44,AM03,AMLJH75LX,AM,2.2
2022-03-24 04:52,NAO37,NAOLY8OZCY,NAO,2.5
2022-03-24 05:33,AM08,AMHJ7XVG0,AM,2.8
2022-03-24 06:28,EG20,EGSEIMVIH,EG,1.4
2022-03-24 06:31,AM06,NAOBMYOFQE,NAO,3.6
2022-03-24 06:37,NO03,NOXFGCAQV,NO,3.25
2022-03-24 07:25,OO02,NAOLY8OZCY,NAO,2.3
2022-03-24 07:28,KO09,KOWM31YIH,KO,2.05
2022-03-24 07:38,AM04,AMV3A3ZMF,AM,2.2
2022-03-24 07:41,AM05,KONCXLL4Z,KO,3.6
2022-03-24 07:43,EG07,EGSEIMVIH,EG,1.8
2022-03-24 08:40,NO10,NOQLL8OS9,NO,4.2
2022-03-24 08:46,NAO41,NAOHL1N13J,NAO,2.5
2022-03-24 11:00,EG03,EG7UR23GD,EG,1.2
2022-03-24 11:03,NAO17,NAONSM43D8,NAO,2.5
2022-03-24 11:10,KO05,KOJDP0LVS,KO,1.9
2022-03-24 12:05,NAO17,OO1B0Z3NX,OO,2.5
2022-03-24 12:08,KO01,KONCXLL4Z,KO,3.4
2022-03-24 12:17,NAO35,NAO09SKDGI,NAO,2.5
2022-03-24 12:28,NAO07,NAO5ZJA8DZ,NAO,2.5
2022-03-24 12:35,KO07,KOJDP0LVS,KO,1.85
2022-03-24 12:48,OO05,NO7PTX63C,NO,3.5
2022-03-24 12:58,GE01,GEX7EEDTJ,GE,14.7
2022-03-24 13:52,NAO26,NO7PTX63C,NO,2.5
2022-03-24 14:35,AM01,OO7PZE9VI,OO,2.0
2022-03-24 14:39,NAO16,NAOHL1N13J,NAO,2.5
2022-03-24 14:56,KO05,KOWM31YIH,KO,1.9
2022-03-24 16:18,NAO18,NOXFGCAQV,NO,2.5
2022-03-24 16:26,NAO20,NAO5UQPGB7,NAO,2.5
2022-03-24 17:03,NO11,NAOURTP0LZ,NAO,3.35
2022-03-24 17:24,EG09,EGIGQPKI7,EG,0.9
2022-03-24 18:13,NO03,NOE1V2ISQ,NO,3.25
2022-03-24 18:17,EG15,NOXFGCAQV,NO,1.2
2022-03-24 18:19,NAO24,NAOHL1N13J,NAO,2.5
2022-03-24 18:32,KO09,NOXFGCAQV,NO,2.05
2022-03-24 18:36,NAO15,NAO09SKDGI,NAO,2.5
2022-03-24 18:36,EG17,EGYTJXEPQ,EG,2.1
2022-03-24 18:52,OO06,OOQ0OXFQ8,OO,3.5
2022-03-24 19:18,AM01,NAOP0J43D5,NAO,2.0
2022-03-24 19:23,EG08,EG7UR23GD,EG,1.8
2022-03-24 19:26,AM08,OO1B0Z3NX,OO,2.8
2022-03-24 20:49,AM07,AMV3A3ZMF,AM,2.8
2022-03-24 21:04,OO09,EGRHOCN9J,EG,2.5
2022-03-24 21:04,NO01,NO7PTX63C,NO,3.85
2022-03-24 21:17,NAO06,NOQLL8OS9,NO,2.5
2022-03-24 21:19,NO07,NAOP0J43D5,NAO,3.55
2022-03-24 22:11,KO09,KOWM31YIH,KO,2.05
2022-03-24 22:48,EG16,EGIGQPKI7,EG,1.2
2022-03-24 23:11,NO14,NOX6GVWRD,NO,4.15
2022-03-24 23:32,KO01,KOJDP0LVS,KO,3.4
2022-03-24 23:53,NO06,AMHJ7XVG0,AM,3.25
2022-03-25 00:01,AM06,AMXAJI0Y6,AM,3.6
2022-03-25 00:06,AM03,AMH9SDBDW,AM,2.2
2022-03-25 00:11,AM01,AMNT3W5UZ,AM,2.0
2022-03-25 00:11,NAO28,NAOHAFEYUH,NAO,2.5
2022-03-25 00:37,KO01,NAOP0J43D5,NAO,3.4
2022-03-25 00:38,KO10,NO7PTX63C,NO,2.05
2022-03-25 00:39,AM09,NAOVZ41NAM,NAO,3.1
2022-03-25 00:54,EG26,EG9CHJ755,EG,1.8
2022-03-25 00:59,GE01,GEJA1WJ0T,GE,14.7
2022-03-25 01:03,EG19,EG9CHJ755,EG,1.4
2022-03-25 01:28,NAO19,EGYTJXEPQ,EG,2.5
2022-03-25 01:44,KO01,KONCXLL4Z,KO,3.4
2022-03-25 01:53,OO05,OO3KKV9RF,OO,3.5
2022-03-25 02:14,KO03,KOJDP0LVS,KO,2.95
2022-03-25 02:34,EG06,NAOBMYOFQE,NAO,1.7
2022-03-25 02:51,NAO26,NAOHAFEYUH,NAO,2.5
2022-03-25 03:26,NAO18,NOXFGCAQV,NO,2.5
2022-03-25 03:48,EG28,EGSEIMVIH,EG,1.4
2022-03-25 04:13,NAO32,NAO09SKDGI,NAO,2.5
2022-03-25 04:24,KO09,KOJDP0LVS,KO,2.05
2022-03-25 04:35,MO03,MOV86WZS3,MO,2.1
2022-03-25 04:52,EG05,EG7UR23GD,EG,1.7
2022-03-25 05:42,OO10,OOZSJ49IT,OO,2.5
2022-03-25 05:42,OO03,KOWM31YIH,KO,2.4
2022-03-25 06:26,AM06,AMH9SDBDW,AM,3.6
2022-03-25 06:56,NO10,AMV3A3ZMF,AM,4.2
2022-03-25 07:31,KO04,NAOURTP0LZ,NAO,2.95
2022-03-25 08:10,EG24,EGVWPVS7H,EG,1.4
2022-03-25 08:17,NAO21,NAOP0J43D5,NAO,2.5
2022-03-25 08:18,MO02,MOV86WZS3,MO,1.35
2022-03-25 08:31,NAO14,NAONSM43D8,NAO,2.5
2022-03-25 09:09,NAO08,NAOURTP0LZ,NAO,2.5
2022-03-25 09:10,OO10,OO7PZE9VI,OO,2.5
2022-03-25 09:19,OO06,KOIXA11DP,KO,3.5
2022-03-25 09:28,OO06,OO1B0Z3NX,OO,3.5
2022-03-25 09:36,OO03,OOQ0OXFQ8,OO,2.4
2022-03-25 10:05,NO01,NAOVZ41NAM,NAO,3.85
2022-03-25 10:49,AM03,AMH9SDBDW,AM,2.2
2022-03-25 11:08,EG28,EGF1T2TAL,EG,1.4
2022-03-25 11:19,AM08,EG9CHJ755,EG,2.8
2022-03-25 12:19,NAO30,NAONSM43D8,NAO,2.5
2022-03-25 12:34,KO02,NAOURTP0LZ,NAO,3.4
2022-03-25 13:03,NAO15,NAO09SKDGI,NAO,2.5
2022-03-25 13:09,NO10,OOQ0OXFQ8,OO,4.2
2022-03-25 13:15,OO01,OO7PZE9VI,OO,2.3
2022-03-25 13:29,NO04,NOE1V2ISQ,NO,3.25
2022-03-25 14:14,NAO34,MOV86WZS3,MO,2.5
2022-03-25 14:37,KO01,NAOP0J43D5,NAO,3.4
2022-03-25 15:00,NO02,NOXFGCAQV,NO,3.85
2022-03-25 15:05,KO03,OO1B0Z3NX,OO,2.95
2022-03-25 15:14,OO01,OOZSJ49IT,OO,2.3
2022-03-25 15:15,EG09,EGYTJXEPQ,EG,0.9
2022-03-25 16:29,AM08,OO1B0Z3NX,OO,2.8
2022-03-25 17:40,EG28,EGF1T2TAL,EG,1.4
2022-03-25 17:45,NAO28,NAOHAFEYUH,NAO,2.5
2022-03-25 17:49,NAO24,AMLJH75LX,AM,2.5
2022-03-25 18:05,OO03,OOZSJ49IT,OO,2.4
2022-03-25 18:06,OO02,NOQLL8OS9,NO,2.3
2022-03-25 18:12,NAO04,NAOP0J43D5,NAO,2.5
2022-03-25 18:23,EG02,NAONSM43D8,NAO,3.0
2022-03-25 18:42,EG12,EGRHOCN9J,EG,0.5
2022-03-25 18:49,NO06,NOX6GVWRD,NO,3.25
2022-03-25 20:12,EG17,EGIGQPKI7,EG,2.1
2022-03-25 20:18,NAO10,NAOHAFEYUH,NAO,2.5
2022-03-25 21:07,EG19,NAOBMYOFQE,NAO,1.4
2022-03-25 21:16,NAO07,AMNT3W5UZ,AM,2.5
2022-03-25 21:16,GE01,GEJA1WJ0T,GE,14.7
2022-03-25 21:39,EG05,EGIGQPKI7,EG,1.7
2022-03-25 21:43,NO12,EG7UR23GD,EG,3.35
2022-03-25 21:53,NO04,NOXFGCAQV,NO,3.25
2022-03-25 22:12,AM04,AMV3A3ZMF,AM,2.2
2022-03-25 22:14,OO08,OO1B0Z3NX,OO,1.9
2022-03-25 22:58,OO10,AMLJH75LX,AM,2.5
2022-03-25 23:36,NO11,NOXFGCAQV,NO,3.35
2022-03-25 23:37,EG38,EGUT0CVS4,EG,1.4
2022-03-25 23:54,KO07,EGC11ERTJ,EG,1.85
2022-03-26 00:22,EG06,NAOBMYOFQE,NAO,1.7
2022-03-26 01:00,OO10,OOQ0OXFQ8,OO,2.5
2022-03-26 01:22,EG37,EGVWPVS7H,EG,1.4
2022-03-26 01:25,NAO01,NAOP0J43D5,NAO,2.5
2022-03-26 01:42,AM08,EGYTJXEPQ,EG,2.8
2022-03-26 01:43,NAO35,NAO09SKDGI,NAO,2.5
2022-03-26 02:56,EG12,NAOP0J43D5,NAO,0.5
2022-03-26 03:43,NAO21,NAO5ZJA8DZ,NAO,2.5
2022-03-26 04:06,NO07,AMV3A3ZMF,AM,3.55
2022-03-26 04:19,EG34,EGC11ERTJ,EG,2.0
2022-03-26 04:39,KO09,KOWM31YIH,KO,2.05
2022-03-26 04:51,OO04,OO3KKV9RF,OO,2.4
2022-03-26 04:57,EG10,EGVWPVS7H,EG,0.9
2022-03-26 05:19,EG29,EGC11ERTJ,EG,1.5
2022-03-26 05:33,NO10,NOXFGCAQV,NO,4.2
2022-03-26 06:03,NAO40,EGRHOCN9J,EG,2.5
2022-03-26 06:41,EG25,EGVWPVS7H,EG,1.8
2022-03-26 07:10,GE01,GEJA1WJ0T,GE,14.7
2022-03-26 08:21,OO06,OO7PZE9VI,OO,3.5
2022-03-26 08:54,NAO30,NAOHAFEYUH,NAO,2.5
2022-03-26 09:06,AM06,AMHJ7XVG0,AM,3.6
2022-03-26 09:14,NAO19,EGYTJXEPQ,EG,2.5
2022-03-26 09:21,KO10,KONCXLL4Z,KO,2.05
2022-03-26 09:50,EG24,EGIGQPKI7,EG,1.4
2022-03-26 11:10,GE01,NAOBMYOFQE,NAO,14.7
2022-03-26 11:46,AM05,AMLJH75LX,AM,3.6
2022-03-26 11:49,KO07,NAOURTP0LZ,NAO,1.85
2022-03-26 12:25,EG06,OOQ0OXFQ8,OO,1.7
2022-03-26 12:40,MO05,MOJCKJLTE,MO,2.6
2022-03-26 12:42,EG19,EGF1T2TAL,EG,1.4
2022-03-26 13:38,NO02,NO7PTX63C,NO,3.85
2022-03-26 14:16,AM04,MOJCKJLTE,MO,2.2
2022-03-26 14:52,EG10,EGYTJXEPQ,EG,0.9
2022-03-26 15:44,AM03,AMNT3W5UZ,AM,2.2
2022-03-26 16:27,KO03,NAOURTP0LZ,NAO,2.95
2022-03-26 16:50,EG21,NAOP0J43D5,NAO,1.6
2022-03-26 16:58,NAO37,AMNT3W5UZ,AM,2.5
2022-03-26 17:07,EG08,AMXAJI0Y6,AM,1.8
2022-03-26 17:15,NO02,NOXFGCAQV,NO,3.85
2022-03-26 17:36,GE01,GEJA1WJ0T,GE,14.7
2022-03-26 17:51,EG31,EGUT0CVS4,EG,1.4
2022-03-26 17:52,EG06,NO7PTX63C,NO,1.7
2022-03-26 18:03,AM05,AMH9SDBDW,AM,3.6
2022-03-26 18:26,NO05,NORCBPLJD,NO,3.25
2022-03-26 19:01,KO10,KONCXLL4Z,KO,2.05
2022-03-26 19:03,KO03,KONCXLL4Z,KO,2.95
2022-03-26 19:15,NAO03,NAOLY8OZCY,NAO,2.5
2022-03-26 19:52,KO08,NAOLY8OZCY,NAO,1.85
2022-03-26 20:21,KO02,EGIGQPKI7,EG,3.4
2022-03-26 20:34,EG25,NAOHL1N13J,NAO,1.8
2022-03-26 21:54,OO06,OO1B0Z3NX,OO,3.5
2022-03-26 23:22,NAO36,AMLJH75LX,AM,2.5
2022-03-26 23:37,NO10,NOQLL8OS9,NO,4.2
2022-03-27 00:23,OO10,OOZSJ49IT,OO,2.5
2022-03-27 00:23,EG10,EGIGQPKI7,EG,0.9
2022-03-27 00:31,NAO20,NOQLL8OS9,NO,2.5
2022-03-27 00:40,NO01,NOX6GVWRD,NO,3.85
2022-03-27 01:22,EG33,EGIGQPKI7,EG,2.0
2022-03-27 01:42,EG13,EGYTJXEPQ,EG,1.2
2022-03-27 02:06,AM01,AMNT3W5UZ,AM,2.0
2022-03-27 02:18,NAO32,NAOP0J43D5,NAO,2.5
2022-03-27 02:31,KO02,KOWM31YIH,KO,3.4
2022-03-27 03:07,NO01,NOE1V2ISQ,NO,3.85
2022-03-27 03:48,AM06,NOXFGCAQV,NO,3.6
2022-03-27 04:07,NO04,NOX6GVWRD,NO,3.25
2022-03-27 04:17,OO07,EGC11ERTJ,EG,1.9
2022-03-27 04:28,OO04,OOZSJ49IT,OO,2.4
2022-03-27 04:53,AM06,AMXAJI0Y6,AM,3.6
2022-03-27 04:58,EG01,NORCBPLJD,NO,3.0
2022-03-27 06:07,NAO38,NOE1V2ISQ,NO,2.5
2022-03-27 06:16,EG25,MOV86WZS3,MO,1.8
2022-03-27 06:23,NAO12,AMXAJI0Y6,AM,2.5
2022-03-27 06:30,NO14,NOX6GVWRD,NO,4.15
2022-03-27 06:31,EG27,EGYTJXEPQ,EG,1.4
2022-03-27 06:40,NO02,NORCBPLJD,NO,3.85
2022-03-27 07:14,OO04,OOQ0OXFQ8,OO,2.4
2022-03-27 07:18,NAO05,NAO5ZJA8DZ,NAO,2.5
2022-03-27 07:49,EG23,NAOURTP0LZ,NAO,1.4
2022-03-27 07:51,KO04,KONCXLL4Z,KO,2.95
2022-03-27 08:00,NAO39,NAOURTP0LZ,NAO,2.5
2022-03-27 08:39,NAO04,KOIXA11DP,KO,2.5
2022-03-27 08:42,OO10,OO1B0Z3NX,OO,2.5
2022-03-27 08:46,EG31,KOWKTAKPU,KO,1.4
2022-03-27 08:52,EG24,EGSEIMVIH,EG,1.4
2022-03-27 09:07,GE02,GE2IAGL58,GE,14.7
2022-03-27 10:28,EG09,EG9CHJ755,EG,0.9
2022-03-27 10:49,AM05,AMHJ7XVG0,AM,3.6
2022-03-27 10:55,NO10,NO7PTX63C,NO,4.2
2022-03-27 11:01,EG07,EGUT0CVS4,EG,1.8
2022-03-27 11:06,OO07,NAONSM43D8,NAO,1.9
2022-03-27 11:08,AM08,EGYTJXEPQ,EG,2.8
2022-03-27 11:14,EG34,EGVWPVS7H,EG,2.0
2022-03-27 11:22,NO14,NOX6GVWRD,NO,4.15
2022-03-27 11:35,MO05,MOV86WZS3,MO,2.6
2022-03-27 11:56,KO02,KOWM31YIH,KO,3.4
2022-03-27 12:04,NAO16,EGUT0CVS4,EG,2.5
2022-03-27 12:21,NAO16,NAOBMYOFQE,NAO,2.5
2022-03-27 12:27,NAO05,NAOLY8OZCY,NAO,2.5
2022-03-27 12:32,AM07,AMLJH75LX,AM,2.8
2022-03-27 13:33,KO03,NAOBMYOFQE,NAO,2.95
2022-03-27 14:16,AM06,AMLJH75LX,AM,3.6
2022-03-27 14:31,NO11,NAOURTP0LZ,NAO,3.35
2022-03-27 15:02,NO01,AMNT3W5UZ,AM,3.85
2022-03-27 15:04,NO10,NOQLL8OS9,NO,4.2
2022-03-27 15:13,EG32,EGC11ERTJ,EG,1.4
2022-03-27 15:39,AM07,AMLJH75LX,AM,2.8
2022-03-27 15:46,MO08,MOJCKJLTE,MO,3.15
2022-03-27 15:48,OO08,OO3KKV9RF,OO,1.9
2022-03-27 16:00,OO10,AMHJ7XVG0,AM,2.5
2022-03-27 16:13,EG12,EGRHOCN9J,EG,0.5
2022-03-27 17:16,EG33,EGVWPVS7H,EG,2.0
2022-03-27 18:05,AM02,AMV3A3ZMF,AM,2.0
2022-03-27 18:34,NO12,EG7UR23GD,EG,3.35
2022-03-27 18:36,KO03,OO1B0Z3NX,OO,2.95
2022-03-27 18:49,EG05,EGIGQPKI7,EG,1.7
2022-03-27 18:53,OO10,OOQ0OXFQ8,OO,2.5
2022-03-27 18:58,NAO23,NAOHL1N13J,NAO,2.5
2022-03-27 19:21,KO03,NAOURTP0LZ,NAO,2.95
2022-03-27 19:35,NAO40,EGRHOCN9J,EG,2.5
2022-03-27 20:29,NO01,NO7PTX63C,NO,3.85
2022-03-27 20:44,NO12,NOQLL8OS9,NO,3.35
2022-03-27 21:02,EG15,EGUT0CVS4,EG,1.2
2022-03-27 21:26,GE02,GEJA1WJ0T,GE,14.7
2022-03-27 21:46,EG03,EGUT0CVS4,EG,1.2
2022-03-27 21:54,EG12,EGF1T2TAL,EG,0.5
2022-03-27 22:01,EG08,EGSEIMVIH,EG,1.8
2022-03-27 22:15,AM04,MOJCKJLTE,MO,2.2
2022-03-27 22:56,OO01,OO1B0Z3NX,OO,2.3
2022-03-27 23:25,AM08,OO7PZE9VI,OO,2.8
2022-03-28 00:52,NO01,NOE1V2ISQ,NO,3.85
2022-03-28 00:59,NAO14,EG7UR23GD,EG,2.5
2022-03-28 01:25,EG19,NORCBPLJD,NO,1.4
2022-03-28 01:27,NAO19,NAOHAFEYUH,NAO,2.5
2022-03-28 01:27,EG34,EGUT0CVS4,EG,2.0
2022-03-28 01:39,NO09,NAOHL1N13J,NAO,4.2
2022-03-28 01:45,OO01,OOZSJ49IT,OO,2.3
2022-03-28 02:18,AM03,AMH9SDBDW,AM,2.2
2022-03-28 02:34,EG31,EGYTJXEPQ,EG,1.4
2022-03-28 02:35,NO02,NOX6GVWRD,NO,3.85
2022-03-28 04:01,NAO16,NAOBMYOFQE,NAO,2.5
2022-03-28 04:03,AM05,AMXAJI0Y6,AM,3.6
2022-03-28 04:28,NAO24,NORCBPLJD,NO,2.5
2022-03-28 04:37,AM06,AMLJH75LX,AM,3.6
2022-03-28 04:44,KO05,EGF1T2TAL,EG,1.9
2022-03-28 05:03,NO14,NO7PTX63C,NO,4.15
2022-03-28 05:09,NAO11,NAO5UQPGB7,NAO,2.5
2022-03-28 05:19,NO06,NO7PTX63C,NO,3.25
2022-03-28 06:10,EG13,EGYTJXEPQ,EG,1.2
2022-03-28 06:12,EG24,EGF1T2TAL,EG,1.4
2022-03-28 06:31,KO05,KOWM31YIH,KO,1.9
2022-03-28 06:32,NAO33,NAOHL1N13J,NAO,2.5
2022-03-28 07:29,EG36,MOJCKJLTE,MO,1.0
2022-03-28 07:34,EG22,NAOBMYOFQE,NAO,1.6
2022-03-28 08:14,KO05,KOWM31YIH,KO,1.9
2022-03-28 08:29,AM01,NAOLY8OZCY,NAO,2.0
2022-03-28 08:39,EG16,NAO09SKDGI,NAO,1.2
2022-03-28 08:51,AM09,NAO09SKDGI,NAO,3.1
2022-03-28 09:14,NO05,EGYTJXEPQ,EG,3.25
2022-03-28 09:35,EG12,EGSEIMVIH,EG,0.5
2022-03-28 09:36,EG07,AMH9SDBDW,AM,1.8
2022-03-28 10:15,NAO26,NO7PTX63C,NO,2.5
2022-03-28 10:39,NO02,EGC11ERTJ,EG,3.85
2022-03-28 10:42,EG11,EG9CHJ755,EG,0.5
2022-03-28 10:57,KO08,KOIXA11DP,KO,1.85
2022-03-28 10:59,EG18,EGC11ERTJ,EG,2.1
2022-03-28 11:39,EG37,EGUT0CVS4,EG,1.4
2022-03-28 12:04,NAO23,EG9CHJ755,EG,2.5
2022-03-28 12:12,NAO20,EG7UR23GD,EG,2.5
2022-03-28 12:33,NAO21,EGC11ERTJ,EG,2.5
2022-03-28 12:40,EG05,EGIGQPKI7,EG,1.7
2022-03-28 12:53,KO03,NAOHL1N13J,NAO,2.95
2022-03-28 13:43,KO03,AMNT3W5UZ,AM,2.95
2022-03-28 13:47,NO07,NO7PTX63C,NO,3.55
2022-03-28 14:38,NAO17,NAOBMYOFQE,NAO,2.5
2022-03-28 14:49,EG33,EGIGQPKI7,EG,2.0
2022-03-28 15:10,NO07,OOQ0OXFQ8,OO,3.55
2022-03-28 15:37,EG12,NAOP0J43D5,NAO,0.5
2022-03-28 15:38,NAO27,OOQ0OXFQ8,OO,2.5
2022-03-28 17:27,KO09,KOWM31YIH,KO,2.05
2022-03-28 17:37,OO03,NAOVZ41NAM,NAO,2.4
2022-03-28 17:41,EG07,EG7UR23GD,EG,1.8
2022-03-28 18:30,EG08,EGRHOCN9J,EG,1.8
2022-03-28 18:31,EG08,EGSEIMVIH,EG,1.8
2022-03-28 18:59,NAO10,NAO5UQPGB7,NAO,2.5
2022-03-28 19:02,NAO30,NAOHAFEYUH,NAO,2.5
2022-03-28 19:11,AM01,AMHJ7XVG0,AM,2.0
2022-03-28 19:25,NO09,EGRHOCN9J,EG,4.2
2022-03-28 19:32,AM02,AMHJ7XVG0,AM,2.0
2022-03-28 19:36,KO01,KOJDP0LVS,KO,3.4
2022-03-28 20:19,NO09,NOE1V2ISQ,NO,4.2
2022-03-28 20:46,AM01,AMHJ7XVG0,AM,2.0
2022-03-28 21:03,AM04,AMLJH75LX,AM,2.2
2022-03-28 21:21,NAO09,NAOP0J43D5,NAO,2.5
2022-03-28 21:31,MO01,NO7PTX63C,NO,1.35
2022-03-28 21:50,NAO27,NAO5UQPGB7,NAO,2.5
2022-03-28 22:00,EG21,NOXFGCAQV,NO,1.6
2022-03-28 22:22,MO06,MOJCKJLTE,MO,2.6
2022-03-28 22:38,MO07,KOIXA11DP,KO,3.15
2022-03-28 22:59,EG21,NAOP0J43D5,NAO,1.6
2022-03-29 00:33,EG12,NAOP0J43D5,NAO,0.5
2022-03-29 00:53,EG29,EGC11ERTJ,EG,1.5
2022-03-29 01:04,KO08,KOJDP0LVS,KO,1.85
2022-03-29 02:04,OO04,NAOVZ41NAM,NAO,2.4
2022-03-29 03:32,NO02,NOXFGCAQV,NO,3.85
2022-03-29 03:53,KO06,KONCXLL4Z,KO,1.9
2022-03-29 04:09,KO03,KOIXA11DP,KO,2.95
2022-03-29 04:45,EG19,EG9CHJ755,EG,1.4
2022-03-29 04:51,KO01,OO3KKV9RF,OO,3.4
2022-03-29 05:01,EG18,EGC11ERTJ,EG,2.1
2022-03-29 05:07,KO04,KOIXA11DP,KO,2.95
2022-03-29 05:13,NAO29,NAO5UQPGB7,NAO,2.5
2022-03-29 05:15,KO03,KOWM31YIH,KO,2.95
2022-03-29 05:23,EG33,EGRHOCN9J,EG,2.0
2022-03-29 05:38,AM08,EGYTJXEPQ,EG,2.8
2022-03-29 05:59,NAO26,NAOLY8OZCY,NAO,2.5
2022-03-29 06:48,AM03,AMNT3W5UZ,AM,2.2
2022-03-29 06:57,NAO18,NOXFGCAQV,NO,2.5
2022-03-29 07:01,EG17,KOWM31YIH,KO,2.1
2022-03-29 07:05,KO02,NAOURTP0LZ,NAO,3.4
2022-03-29 07:23,OO06,OO3KKV9RF,OO,3.5
2022-03-29 07:29,OO01,OO7PZE9VI,OO,2.3
2022-03-29 07:42,EG11,OO1B0Z3NX,OO,0.5
2022-03-29 07:55,EG06,EGC11ERTJ,EG,1.7
2022-03-29 08:01,AM10,AMXAJI0Y6,AM,3.1
2022-03-29 08:11,NAO09,EGRHOCN9J,EG,2.5
2022-03-29 08:18,NAO23,NAOLY8OZCY,NAO,2.5
2022-03-29 08:21,OO08,OO3KKV9RF,OO,1.9
2022-03-29 09:06,KO03,KOIXA11DP,KO,2.95
2022-03-29 09:11,KO03,KOWM31YIH,KO,2.95
2022-03-29 09:29,AM03,AMLJH75LX,AM,2.2
2022-03-29 10:08,OO07,OOQ0OXFQ8,OO,1.9
2022-03-29 10:19,OO05,AMHJ7XVG0,AM,3.5
2022-03-29 10:39,NAO07,AMNT3W5UZ,AM,2.5
2022-03-29 10:41,OO07,OO7PZE9VI,OO,1.9
2022-03-29 11:32,NO11,NOQLL8OS9,NO,3.35
2022-03-29 11:39,OO03,KOWM31YIH,KO,2.4
2022-03-29 12:10,OO10,NAO09SKDGI,NAO,2.5
2022-03-29 13:58,MO05,MOJCKJLTE,MO,2.6
2022-03-29 14:09,KO05,KOJDP0LVS,KO,1.9
2022-03-29 14:33,EG35,NAOP0J43D5,NAO,1.0
2022-03-29 15:25,KO04,NOE1V2ISQ,NO,2.95
2022-03-29 15:34,KO07,KONCXLL4Z,KO,1.85
2022-03-29 15:59,AM10,AMV3A3ZMF,AM,3.1
2022-03-29 16:09,NO09,EGRHOCN9J,EG,4.2
2022-03-29 16:12,NAO19,EGYTJXEPQ,EG,2.5
2022-03-29 16:57,NAO07,NAOBMYOFQE,NAO,2.5
